<?xml version="1.0"?>
<network-scanner-config>
  <customadurl></customadurl>
  <mintotray>false</mintotray>
  <monitorinfo>false</monitorinfo>
  <termsessions>false</termsessions>
  <ignored></ignored>
  <nicvendor>false</nicvendor>
  <background>false</background>
  <sortnocase>false</sortnocase>
  <maxthcount>50</maxthcount>
  <maxthlimit>1000</maxthlimit>
  <maxruntime>0</maxruntime>
  <showdead>false</showdead>
  <alwaysscan>false</alwaysscan>
  <randomscan>false</randomscan>
  <warnmacdup>false</warnmacdup>
  <macaddr>true</macaddr>
  <showtime>false</showtime>
  <getipv6>false</getipv6>
  <maptype>0</maptype>
  <hostname>true</hostname>
  <hosttype>2</hosttype>
  <reverse>false</reverse>
  <hostcheck>7</hostcheck>
  <pshellssl>false</pshellssl>
  <pshellnop>false</pshellnop>
  <bmarkname>false</bmarkname>
  <scriptfont>9</scriptfont>
  <macparam>
    <item>
      <method>0</method>
      <enabled>true</enabled>
    </item>
    <item>
      <method>1</method>
      <enabled>false</enabled>
    </item>
    <item>
      <method>2</method>
      <enabled>false</enabled>
      <snmpcomm>public</snmpcomm>
      <snmpaddr></snmpaddr>
    </item>
    <item>
      <method>3</method>
      <enabled>false</enabled>
    </item>
  </macparam>
  <comments/>
  <mapnames/>
  <portgroups>
    <item>
      <ident>HTTP and proxy</ident>
      <value>80, 443, 3128, 8080</value>
    </item>
    <item>
      <ident>FTP and SFTP</ident>
      <value>21, 115</value>
    </item>
    <item>
      <ident>Database servers</ident>
      <value>1433, 3050, 3306, 5432</value>
    </item>
    <item>
      <ident>Remote control</ident>
      <value>22, 23, 3389, 4899, 5900</value>
    </item>
  </portgroups>
  <ranges></ranges>
  <ping>
    <timeout>1000</timeout>
    <attempts>1</attempts>
    <method>2</method>
    <broadcast>false</broadcast>
    <arpoutsub>false</arpoutsub>
    <pingtype>false</pingtype>
    <timetolive>false</timetolive>
    <jitter>
      <enabled>false</enabled>
      <samples>10</samples>
    </jitter>
  </ping>
  <ports>
    <tcp>
      <enabled>false</enabled>
      <portlist>80</portlist>
      <getnames>false</getnames>
    </tcp>
    <udp>
      <dns>false</dns>
      <ntp>false</ntp>
      <tftp>false</tftp>
      <nbns>false</nbns>
      <mssql>false</mssql>
      <radius>false</radius>
    </udp>
    <banner>
      <enabled>false</enabled>
      <portlist>21f, 80, 443s, 3128, 8080, 16992</portlist>
    </banner>
  </ports>
  <shares>
    <enabled>true</enabled>
    <filter>1</filter>
    <secinfo>false</secinfo>
    <checkwrite>false</checkwrite>
    <diskspace>false</diskspace>
  </shares>
  <workstation>
    <installedapps>false</installedapps>
    <omitduplogons>false</omitduplogons>
    <disregardnames>false</disregardnames>
    <namestoignore></namestoignore>
    <accounts>false</accounts>
    <comment>false</comment>
    <datetime>false</datetime>
    <diskdrives>false</diskdrives>
    <langroup>false</langroup>
    <loggedsids>false</loggedsids>
    <loggedusers>false</loggedusers>
    <osversion>false</osversion>
    <roles>false</roles>
    <uptime>false</uptime>
  </workstation>
  <bookmarks/>
  <recent></recent>
  <autoopen>false</autoopen>
  <history/>
  <remote>
    <files>
      <item>
        <checked>false</checked>
        <name>Outlook Version</name>
        <filename>C:\Program Files\Outlook Express\msimn.exe</filename>
        <property>2</property>
      </item>
    </files>
    <registry>
      <item>
        <checked>false</checked>
        <name>DirectX Version</name>
        <keyname>SOFTWARE\Microsoft\DirectX</keyname>
        <param>version</param>
        <action>0</action>
        <root>HKLM</root>
      </item>
      <item>
        <checked>false</checked>
        <name>Internet Explorer Version</name>
        <keyname>SOFTWARE\Microsoft\Internet Explorer</keyname>
        <param>version</param>
        <action>0</action>
        <root>HKLM</root>
      </item>
      <item>
        <checked>false</checked>
        <name>CPU Make/Model</name>
        <keyname>HARDWARE\DESCRIPTION\System\CentralProcessor\*</keyname>
        <param>ProcessorNameString</param>
        <action>2</action>
        <root>HKLM</root>
      </item>
      <item>
        <checked>false</checked>
        <name>BIOS Version</name>
        <keyname>HARDWARE\DESCRIPTION\System</keyname>
        <param>SystemBiosVersion</param>
        <action>0</action>
        <root>HKLM</root>
      </item>
      <item>
        <checked>false</checked>
        <name>Registered Owner</name>
        <keyname>SOFTWARE\Microsoft\Windows NT\CurrentVersion</keyname>
        <param>RegisteredOwner</param>
        <action>0</action>
        <root>HKLM</root>
      </item>
      <item>
        <checked>false</checked>
        <name>Registered Organisation</name>
        <keyname>SOFTWARE\Microsoft\Windows NT\CurrentVersion</keyname>
        <param>RegisteredOrganization</param>
        <action>0</action>
        <root>HKLM</root>
      </item>
      <item>
        <checked>false</checked>
        <name>Service Pack</name>
        <keyname>SOFTWARE\Microsoft\Windows NT\CurrentVersion</keyname>
        <param>CSDVersion</param>
        <action>0</action>
        <root>HKLM</root>
      </item>
      <item>
        <checked>false</checked>
        <name>Windows Version</name>
        <keyname>SOFTWARE\Microsoft\Windows NT\CurrentVersion</keyname>
        <param>CurrentVersion</param>
        <action>0</action>
        <root>HKLM</root>
      </item>
      <item>
        <checked>false</checked>
        <name>Windows Type</name>
        <keyname>SOFTWARE\Microsoft\Windows NT\CurrentVersion</keyname>
        <param>ProductName</param>
        <action>0</action>
        <root>HKLM</root>
      </item>
    </registry>
    <services>
      <item>
        <checked>false</checked>
        <name>Messenger status</name>
        <service>messenger</service>
        <property>0</property>
      </item>
      <item>
        <checked>false</checked>
        <name>Automatic Updates status</name>
        <service>wuauserv</service>
        <property>0</property>
      </item>
      <item>
        <checked>false</checked>
        <name>Wireless Zero Config startup type</name>
        <service>WZCSVC</service>
        <property>2</property>
      </item>
    </services>
    <wmi>
      <item>
        <checked>false</checked>
        <name>Windows Name</name>
        <query>SELECT Name FROM Win32_OperatingSystem</query>
        <namespace>CIMV2</namespace>
      </item>
      <item>
        <checked>false</checked>
        <name>CPU Make/Model</name>
        <query>SELECT Name FROM Win32_Processor</query>
        <namespace>CIMV2</namespace>
      </item>
      <item>
        <checked>false</checked>
        <name>RAM Size</name>
        <query>SELECT TotalPhysicalMemory FROM Win32_ComputerSystem</query>
        <namespace>CIMV2</namespace>
      </item>
      <item>
        <checked>false</checked>
        <name>Computer Model</name>
        <query>SELECT Model FROM Win32_ComputerSystem</query>
        <namespace>CIMV2</namespace>
      </item>
      <item>
        <checked>false</checked>
        <name>Part number</name>
        <query>SELECT PartNumber FROM Win32_SystemEnclosure</query>
        <namespace>CIMV2</namespace>
      </item>
      <item>
        <checked>false</checked>
        <name>Serial Number</name>
        <query>SELECT SerialNumber FROM Win32_SystemEnclosure</query>
        <namespace>CIMV2</namespace>
      </item>
      <item>
        <checked>false</checked>
        <name>Asset Tag</name>
        <query>SELECT SMBIOSAssetTag FROM Win32_SystemEnclosure</query>
        <namespace>CIMV2</namespace>
      </item>
      <item>
        <checked>false</checked>
        <name>Product key</name>
        <query>SELECT OA3xOriginalProductKey FROM SoftwareLicensingService</query>
        <namespace>CIMV2</namespace>
      </item>
      <item>
        <checked>false</checked>
        <name>Uptime (sec)</name>
        <query>SELECT SystemUpTime FROM Win32_PerfFormattedData_PerfOS_System</query>
        <namespace>CIMV2</namespace>
      </item>
    </wmi>
    <snmp>
      <item>
        <checked>false</checked>
        <name>Host name</name>
        <oid>1.3.6.1.2.1.1.5.0</oid>
        <community>public</community>
        <showcomm>false</showcomm>
        <version>0</version>
        <seclevel>0</seclevel>
        <enctype>0</enctype>
        <username></username>
        <authpass></authpass>
        <datapass></datapass>
        <contname></contname>
      </item>
      <item>
        <checked>false</checked>
        <name>Uptime</name>
        <oid>1.3.6.1.2.1.1.3.0</oid>
        <community>public</community>
        <showcomm>false</showcomm>
        <version>0</version>
        <seclevel>0</seclevel>
        <enctype>0</enctype>
        <username></username>
        <authpass></authpass>
        <datapass></datapass>
        <contname></contname>
      </item>
      <item>
        <checked>false</checked>
        <name>System Description</name>
        <oid>1.3.6.1.2.1.1.1.0</oid>
        <community>public</community>
        <showcomm>false</showcomm>
        <version>0</version>
        <seclevel>0</seclevel>
        <enctype>0</enctype>
        <username></username>
        <authpass></authpass>
        <datapass></datapass>
        <contname></contname>
      </item>
      <item>
        <checked>false</checked>
        <name>System Contact</name>
        <oid>1.3.6.1.2.1.1.4.0</oid>
        <community>public</community>
        <showcomm>false</showcomm>
        <version>0</version>
        <seclevel>0</seclevel>
        <enctype>0</enctype>
        <username></username>
        <authpass></authpass>
        <datapass></datapass>
        <contname></contname>
      </item>
      <item>
        <checked>false</checked>
        <name>System Location</name>
        <oid>1.3.6.1.2.1.1.6.0</oid>
        <community>public</community>
        <showcomm>false</showcomm>
        <version>0</version>
        <seclevel>0</seclevel>
        <enctype>0</enctype>
        <username></username>
        <authpass></authpass>
        <datapass></datapass>
        <contname></contname>
      </item>
    </snmp>
    <groups>
      <item>
        <checked>false</checked>
        <name>Administrators</name>
        <member>Administrators</member>
        <property>0</property>
        <strip>false</strip>
        <ignore>false</ignore>
        <values></values>
      </item>
      <item>
        <checked>false</checked>
        <name>Guest membership</name>
        <member>Guest</member>
        <property>2</property>
        <strip>false</strip>
        <ignore>false</ignore>
        <values></values>
      </item>
      <item>
        <checked>false</checked>
        <name>Guest membership</name>
        <member>Guest</member>
        <property>3</property>
        <strip>false</strip>
        <ignore>false</ignore>
        <values></values>
      </item>
    </groups>
    <xml>
      <item>
        <checked>false</checked>
        <name>Integrated Lights-Out S/N</name>
        <port>17988</port>
        <path>xmldata?item=All</path>
        <proto>0</proto>
        <query>/RIMP/MP/SN</query>
        <parse>0</parse>
      </item>
      <item>
        <checked>false</checked>
        <name>Integrated Lights-Out Model</name>
        <port>17988</port>
        <path>xmldata?item=All</path>
        <proto>0</proto>
        <query>/RIMP/HSI/SPN</query>
        <parse>0</parse>
      </item>
      <item>
        <checked>false</checked>
        <name>HTML Page Title</name>
        <port>80</port>
        <path></path>
        <proto>0</proto>
        <query>&lt;title[^&gt;]*&gt;(.*?)&lt;/title&gt;</query>
        <parse>1</parse>
      </item>
      <item>
        <checked>false</checked>
        <name>PowerLogic EGX100 S/N</name>
        <port>80</port>
        <path>diagnostics.htm</path>
        <proto>0</proto>
        <query>Serial Number:[^&gt;]*&lt;/td&gt;\s*&lt;td[^&gt;]*&gt;(\w*)&lt;/td&gt;</query>
        <parse>1</parse>
      </item>
      <item>
        <checked>false</checked>
        <name>Cisco IP Phone CP-79XX S/N</name>
        <port>80</port>
        <path></path>
        <proto>0</proto>
        <query>.*Serial Number&lt;/b&gt;&lt;/td&gt;\s*&lt;td[^&gt;]*&gt;\s*&lt;/td&gt;\s*&lt;td[^&gt;]*&gt;&lt;b&gt;([^&lt;]*)</query>
        <parse>1</parse>
      </item>
    </xml>
    <ssh>
      <item>
        <checked>false</checked>
        <name>System version</name>
        <command>uname -or</command>
      </item>
      <item>
        <checked>false</checked>
        <name>CPU Speed</name>
        <command>lscpu | grep "CPU MHz"</command>
      </item>
      <item>
        <checked>false</checked>
        <name>RAM Size</name>
        <command>cat /proc/meminfo | grep MemTotal</command>
      </item>
      <item>
        <checked>false</checked>
        <name>List of processes</name>
        <command>ps -A | awk '{ print $4 }' | uniq | sort</command>
      </item>
      <item>
        <checked>false</checked>
        <name>List of directories</name>
        <command>ls -1 /</command>
      </item>
      <item>
        <checked>false</checked>
        <name>Uptime</name>
        <command>uptime</command>
      </item>
    </ssh>
    <performance>
      <item>
        <checked>false</checked>
        <name>Uptime (sec)</name>
        <query>\System\System Up Time</query>
      </item>
      <item>
        <checked>false</checked>
        <name>Windows Explorer process ID</name>
        <query>\Process(explorer)\ID Process</query>
      </item>
      <item>
        <checked>false</checked>
        <name>List of processes and their ID</name>
        <query>\Process(*)\ID Process</query>
      </item>
      <item>
        <checked>false</checked>
        <name>CPU Usage, %</name>
        <query>\Processor(_Total)\% Processor Time</query>
      </item>
      <item>
        <checked>false</checked>
        <name>Number of queued print jobs</name>
        <query>\Print Queue(*)\Jobs</query>
      </item>
      <item>
        <checked>false</checked>
        <name>Network interface bandwidth</name>
        <query>\Network Interface(*)\Current Bandwidth</query>
      </item>
    </performance>
    <scripting>
      <item>
        <checked>false</checked>
        <name>File list</name>
        <lang>0</lang>
        <script>'List files in Windows

'Input parameters
strComputer = Input.Current

'List files with WMI
Set objWMIService = GetObject("winmgmts:" _
  &amp; "{impersonationLevel=impersonate}!\\" &amp; strComputer &amp; "\root\cimv2")
Set colFiles = objWMIService. _
  ExecQuery("Select * from CIM_DataFile where Path = '\\Windows\\'")
For Each objFile in colFiles
  Output.Write objFile.Name 
Next</script>
      </item>
      <item>
        <checked>false</checked>
        <name>User logon time</name>
        <lang>0</lang>
        <script>'Input parameters
strComputer = Input.Current

'Uncomment this line for specific user 
'strUser = "domain\user"

'Uncomment this line for specific user
'strPassword = "password" 

'Constants

wbemImpersonationLevelImpersonate = 3
wbemAuthenticationLevelPktPrivacy = 6

'Connect to machine

If Not strUser = "" Then
  'Connect using user and password
   Set objLocator = CreateObject("WbemScripting.SWbemLocator")
   Set objWMI = objLocator.ConnectServer _
    (strComputer, "root\cimv2", strUser, strPassword)
   objWMI.Security_.ImpersonationLevel = wbemImpersonationLevelImpersonate
   objWMI.Security_.AuthenticationLevel = wbemAuthenticationLevelPktPrivacy
Else
  'Connect using current user
   Set objWMI = GetObject("winmgmts:{impersonationLevel=impersonate}!\\" &amp; strComputer &amp; "\root\cimv2") 
End If

'Get interactive session

Set colSessions = objWMI.ExecQuery _
("Select * from Win32_LogonSession Where LogonType = 2") 
If colSessions.Count = 0 Then
  'No interactive session found
  Output.Write "No interactive user found"
Else
  'Interactive session found
  For Each objSession in colSessions 
  Set colList = objWMI.ExecQuery("Associators of " _
  &amp; "{Win32_LogonSession.LogonId=" &amp; objSession.LogonId &amp; "} " _
  &amp; "Where AssocClass=Win32_LoggedOnUser Role=Dependent" ) 

  'Show user info
  For Each objItem in colList
    Output.Write "User: " &amp; objItem.Name
    Output.Write "FullName: " &amp; objItem.FullName
    Output.Write "Domain: " &amp; objItem.Domain
  Next 

  'Show session start time
  Output.Write "Start Time: " &amp; objSession.StartTime
  Next
End If</script>
      </item>
      <item>
        <checked>false</checked>
        <name>IP and MAC config</name>
        <lang>0</lang>
        <script>'Display IP configuration

strComputer = Input.Current

Set objWMIService = GetObject("winmgmts:" _
&amp; "{impersonationLevel=impersonate}!\\" &amp; strComputer &amp; "\root\cimv2")

Set colAdapters = objWMIService.ExecQuery _
("SELECT * FROM Win32_NetworkAdapterConfiguration WHERE IPEnabled = True")

For Each objAdapter in colAdapters
  Output.Write "Desc: " &amp; objAdapter.Description
  Output.Write "HW: " &amp; objAdapter.MACAddress
  Output.Write "Name: " &amp; objAdapter.DNSHostName
  
  If Not IsNull(objAdapter.IPAddress) Then
    For i = 0 To UBound(objAdapter.IPAddress)
      Output.Write "IP: " &amp; objAdapter.IPAddress(i)
    Next
  End If
  
  If Not IsNull(objAdapter.IPSubnet) Then
    For i = 0 To UBound(objAdapter.IPSubnet)
      Output.Write "Subnet: " &amp; objAdapter.IPSubnet(i)
    Next
  End If
  
  If Not IsNull(objAdapter.DefaultIPGateway) Then
    For i = 0 To UBound(objAdapter.DefaultIPGateway)
      Output.Write "GW: " &amp; _
      objAdapter.DefaultIPGateway(i)
    Next
  End If
Next</script>
      </item>
      <item>
        <checked>false</checked>
        <name>Full logged name</name>
        <lang>0</lang>
        <script>'Input parameters
strComputer = Input.Current

Set objWMIService = GetObject("winmgmts:\\" &amp; strComputer &amp; "\root\cimv2")

'Get those who run Windows Explorer
Set colItems = objWMIService.ExecQuery _
  ("Select * from Win32_Process Where Name = 'explorer.exe'")

If colItems.Count = 0 Then
  Output.Write "No one is logged on to the computer."
Else
  For Each objProcess in colItems
    objProcess.GetOwner strUser,strDomain
  Next
End If

Const ADS_SCOPE_SUBTREE = 2

Set objConnection = CreateObject("ADODB.Connection")
Set objCommand = CreateObject("ADODB.Command")
objConnection.Provider = "ADsDSOObject"
objConnection.Open "Active Directory Provider"
Set objCommand.ActiveConnection = objConnection

'Search Active Directory
objCommand.Properties("Page Size") = 1000
objCommand.Properties("Searchscope") = ADS_SCOPE_SUBTREE 

objCommand.CommandText = "SELECT displayName FROM " &amp; _
  "'LDAP://DC=domain_name,DC=local' WHERE " &amp; _
    "objectCategory='user' " &amp; _
    "AND samAccountName = '" &amp; strUser &amp; "'"
Set objRecordSet = objCommand.Execute

objRecordSet.MoveFirst

'Print all records
Do Until objRecordSet.EOF
  Output.Write objRecordSet.Fields("displayName").Value
  objRecordSet.MoveNext
Loop</script>
      </item>
      <item>
        <checked>false</checked>
        <name>Check each user shortcut</name>
        <lang>0</lang>
        <script>'Get values from "User Accounts" column
strAccounts = Input.Column("user accounts")

'Get target computer address
strComputer = "\\" &amp; Input.Current

'Split comma-separated users string
For each user in split(strAccounts, ",")
  user = trim(user)
  Set fso = CreateObject("Scripting.FileSystemObject")

  'Build our path string
  strPath = strComputer &amp; "\C$\Users\" &amp; user &amp; "\Desktop\Dropbox.lnk"

  'Check file existence
  If fso.FileExists(strPath) Then
    Output.Write user &amp; " yes"
  Else
    Output.Write user &amp; " no"
  End If
Next</script>
      </item>
      <item>
        <checked>false</checked>
        <name>Built-in Telnet example</name>
        <lang>0</lang>
        <script>'Retrieve system info via Telnet
'This example code can be adapted to work
'with any device that supports the protocol

'Create internal Telnet object
set objTelnet = Internal.CreateObject("Telnet")

'Set host name and port
objTelnet.Host = Input.Current
objTelnet.Port = 23

'Make connection
objTelnet.Connect

'Wait for login prompt
objTelnet.WaitFor("login:")
'Then send login name
objTelnet.Send("YourUserName" &amp; vbCrLf)

'Wait for password prompt
objTelnet.WaitFor("password:")
'Then send password
objTelnet.Send("YourPassword" &amp; vbCrLf)

'Wait for shell prompt
objTelnet.WaitFor("xsh&gt;")
'Then send command
objTelnet.Send("show sys versions" &amp; vbCrLf)

'Wait for shell prompt (when command finishes)
data = objTelnet.Recv("xsh&gt;")

'Return data and disconnect
Output.Write data
objTelnet.Disconnect</script>
      </item>
      <item>
        <checked>false</checked>
        <name>Built-in DNS example</name>
        <lang>0</lang>
        <script>'Resolve a name or IP address via DNS
'This example performs a reverse lookup

'Create internal DNS object
set dnsObj = Internal.CreateObject("dns")

'Optionally set DNS server
'dnsObj.Server = "x.x.x.x"

'Get PTR record for the current IP address
name = dnsObj.GetName(Input.Current, "ptr")

'Print out resolved name
Output.Write name</script>
      </item>
      <item>
        <checked>false</checked>
        <name>Monitor Info</name>
        <lang>0</lang>
        <script>'Input parameters
strComputer = Input.Current

'Get monitors with WMI
Set objWMIService = GetObject("winmgmts:" _
  &amp; "{impersonationLevel=impersonate}!\\" &amp; strComputer &amp; "\root\WMI")
Set colMonitors = objWMIService. _
  ExecQuery("SELECT * FROM WmiMonitorID")
For Each objMonitor in colMonitors
  'Convert serial number to ASCII
  SerialNo = ""
  For I = 0 To Ubound(objMonitor.SerialNumberID)
    SerialNo = SerialNo &amp; Chr(objMonitor.SerialNumberID(I))
  Next
  'Convert model name to ASCII
  ProductId = ""
  For I = 0 To Ubound(objMonitor.UserFriendlyName)
    ProductId = ProductId &amp; Chr(objMonitor.UserFriendlyName(I))
  Next
  Output.Write ProductId &amp; " " &amp; SerialNo
Next</script>
      </item>
    </scripting>
    <powershell>
      <item>
        <checked>false</checked>
        <name>SQL server version</name>
        <script>sqlcmd -Q "select @@version;"</script>
      </item>
      <item>
        <checked>false</checked>
        <name>Last log messages</name>
        <script>Get-EventLog system -newest 5 | Format-Wide -Property Message -Column 1</script>
      </item>
      <item>
        <checked>false</checked>
        <name>File list in C:\</name>
        <script>ls C:\ | Format-Wide -Property Name -Column 1</script>
      </item>
      <item>
        <checked>false</checked>
        <name>Running services</name>
        <script>Get-Service | Where-Object {$_.status -eq "running"} | Format-Wide -Property Name -Column 1</script>
      </item>
      <item>
        <checked>false</checked>
        <name>Product key</name>
        <script>(Get-WmiObject -query "select * from SoftwareLicensingService").OA3xOriginalProductKey</script>
      </item>
    </powershell>
    <json>
      <item>
        <checked>false</checked>
        <name>Redfish BIOS version</name>
        <port>443</port>
        <path>redfish/v1/Systems/1/</path>
        <proto>1</proto>
        <query>BiosVersion</query>
        <parse>0</parse>
      </item>
      <item>
        <checked>false</checked>
        <name>Redfish Chassis S/N</name>
        <port>443</port>
        <path>redfish/v1/Chassis/1/</path>
        <proto>1</proto>
        <query>SerialNumber</query>
        <parse>0</parse>
      </item>
      <item>
        <checked>false</checked>
        <name>HP iLO Version</name>
        <port>443</port>
        <path>redfish/v1/</path>
        <proto>1</proto>
        <query>Oem.Hpe.Manager[0].ManagerFirmwareVersion</query>
        <parse>0</parse>
      </item>
      <item>
        <checked>false</checked>
        <name>HP iLO System Health</name>
        <port>443</port>
        <path>redfish/v1/</path>
        <proto>1</proto>
        <query>Oem.Hpe.System[0].Status.Health</query>
        <parse>0</parse>
      </item>
    </json>
  </remote>
  <virtualcolumns>
    <item>
      <checked>false</checked>
      <name>Numeric Response Time</name>
      <expression>[Response Time]</expression>
      <matchpattern>^(\d*)</matchpattern>
    </item>
    <item>
      <checked>false</checked>
      <name>Simple Concatenation</name>
      <expression>[MAC address] [IP address]</expression>
      <matchpattern></matchpattern>
    </item>
  </virtualcolumns>
  <liveinfo>
    <enabled>false</enabled>
    <discover>2</discover>
    <clearoff>true</clearoff>
    <keepsort>false</keepsort>
    <retained>
      <item>Friendly name</item>
      <item>Last Scan</item>
      <item>Last Seen</item>
      <item>NIC Vendor</item>
    </retained>
    <notify>
      <enabled>true</enabled>
      <sound>
        <enabled>false</enabled>
        <filename></filename>
      </sound>
      <execute>
        <enabled>false</enabled>
        <filename></filename>
      </execute>
      <logtofile>
        <enabled>false</enabled>
        <filename></filename>
      </logtofile>
      <sendemail>
        <enabled>false</enabled>
        <smtpserver></smtpserver>
        <smtpport>25</smtpport>
        <smtpuser></smtpuser>
        <smtppass></smtppass>
        <smtptype>0</smtptype>
        <recipient></recipient>
      </sendemail>
    </notify>
    <window>
      <width>460</width>
      <height>300</height>
      <left>730</left>
      <top>390</top>
    </window>
  </liveinfo>
  <auth>
    <credentials/>
    <wksta>
      <enabled>false</enabled>
      <id>{00000000-0000-0000-0000-000000000000}</id>
    </wksta>
    <wmi>
      <enabled>false</enabled>
      <id>{00000000-0000-0000-0000-000000000000}</id>
    </wmi>
    <share>
      <enabled>false</enabled>
      <id>{00000000-0000-0000-0000-000000000000}</id>
    </share>
    <shutdown>
      <enabled>false</enabled>
      <id>{00000000-0000-0000-0000-000000000000}</id>
    </shutdown>
    <xml>
      <enabled>false</enabled>
      <id>{00000000-0000-0000-0000-000000000000}</id>
    </xml>
    <powershell>
      <enabled>false</enabled>
      <id>{00000000-0000-0000-0000-000000000000}</id>
    </powershell>
    <ssh>
      <enabled>true</enabled>
      <id>{00000000-0000-0000-0000-000000000000}</id>
    </ssh>
    <json>
      <enabled>false</enabled>
      <id>{00000000-0000-0000-0000-000000000000}</id>
    </json>
  </auth>
  <filter>
    <folder>
      <enabled>false</enabled>
      <common>false</common>
      <printer>false</printer>
      <writable>false</writable>
      <restricted>false</restricted>
      <administrative>false</administrative>
    </folder>
    <custom>
      <visible>false</visible>
      <recent/>
    </custom>
  </filter>
  <wol>
    <defaddr>255.255.255.255</defaddr>
    <defport>30000</defport>
    <delay>0</delay>
    <targets/>
  </wol>
  <apps>
    <item>
      <name>Computer Management</name>
      <command>mmc.exe compmgmt.msc /computer:%0</command>
      <hotkey>16461</hotkey>
      <enabled>true</enabled>
    </item>
    <item>
      <name>Remote Desktop</name>
      <command>mstsc.exe /v:%0</command>
      <hotkey>16466</hotkey>
      <enabled>true</enabled>
    </item>
  </apps>
  <appvars/>
  <view>
    <maximized>false</maximized>
    <left>768</left>
    <top>281</top>
    <width>670</width>
    <height>500</height>
    <autoexpand>false</autoexpand>
    <horlines>false</horlines>
    <verlines>false</verlines>
    <oddcolor>-16777211</oddcolor>
    <evencolor>-16777211</evencolor>
    <highlightcolor>255</highlightcolor>
    <macseparator>0</macseparator>
    <foldrepeated>true</foldrepeated>
    <csvencoding>0</csvencoding>
    <custcsvdelim>false</custcsvdelim>
    <csvdelimchar>,</csvdelimchar>
    <font>
      <name>Tahoma</name>
      <charset>0</charset>
      <color>-16777208</color>
      <size>8</size>
      <style>0</style>
    </font>
    <shortcuts>
      <scan>16397</scan>
      <save>16467</save>
      <options>16463</options>
      <find>16454</find>
      <load>16460</load>
      <switchipcontrols>9</switchipcontrols>
      <pasteip>16464</pasteip>
      <remotewmi>16471</remotewmi>
      <searchforward>114</searchforward>
      <assignfriendlyname>113</assignfriendlyname>
      <filter>16457</filter>
    </shortcuts>
  </view>
  <columns>
    <item>
      <visible>true</visible>
      <backcolor>-16777211</backcolor>
      <textcolor>-16777208</textcolor>
      <fontstyle>0</fontstyle>
      <condition>0</condition>
      <value></value>
      <regex></regex>
      <width>100</width>
      <pos>0</pos>
      <index>0</index>
    </item>
    <item>
      <visible>true</visible>
      <backcolor>-16777211</backcolor>
      <textcolor>-16777208</textcolor>
      <fontstyle>0</fontstyle>
      <condition>0</condition>
      <value></value>
      <regex></regex>
      <width>100</width>
      <pos>1</pos>
      <index>1</index>
    </item>
    <item>
      <visible>true</visible>
      <backcolor>-16777211</backcolor>
      <textcolor>-16777208</textcolor>
      <fontstyle>0</fontstyle>
      <condition>0</condition>
      <value></value>
      <regex></regex>
      <width>100</width>
      <pos>2</pos>
      <index>2</index>
    </item>
    <item>
      <visible>true</visible>
      <backcolor>-16777211</backcolor>
      <textcolor>-16777208</textcolor>
      <fontstyle>0</fontstyle>
      <condition>0</condition>
      <value></value>
      <regex></regex>
      <width>100</width>
      <pos>3</pos>
      <index>3</index>
    </item>
    <item>
      <visible>true</visible>
      <backcolor>-16777211</backcolor>
      <textcolor>-16777208</textcolor>
      <fontstyle>0</fontstyle>
      <condition>0</condition>
      <value></value>
      <regex></regex>
      <width>100</width>
      <pos>4</pos>
      <index>4</index>
    </item>
    <item>
      <visible>true</visible>
      <backcolor>-16777211</backcolor>
      <textcolor>-16777208</textcolor>
      <fontstyle>0</fontstyle>
      <condition>0</condition>
      <value></value>
      <regex></regex>
      <width>100</width>
      <pos>5</pos>
      <index>5</index>
    </item>
    <item>
      <visible>true</visible>
      <backcolor>-16777211</backcolor>
      <textcolor>-16777208</textcolor>
      <fontstyle>0</fontstyle>
      <condition>0</condition>
      <value></value>
      <regex></regex>
      <width>100</width>
      <pos>6</pos>
      <index>6</index>
    </item>
    <item>
      <visible>true</visible>
      <backcolor>-16777211</backcolor>
      <textcolor>-16777208</textcolor>
      <fontstyle>0</fontstyle>
      <condition>0</condition>
      <value></value>
      <regex></regex>
      <width>100</width>
      <pos>7</pos>
      <index>7</index>
    </item>
    <item>
      <visible>true</visible>
      <backcolor>-16777211</backcolor>
      <textcolor>-16777208</textcolor>
      <fontstyle>0</fontstyle>
      <condition>0</condition>
      <value></value>
      <regex></regex>
      <width>100</width>
      <pos>8</pos>
      <index>8</index>
    </item>
    <item>
      <visible>true</visible>
      <backcolor>-16777211</backcolor>
      <textcolor>-16777208</textcolor>
      <fontstyle>0</fontstyle>
      <condition>0</condition>
      <value></value>
      <regex></regex>
      <width>100</width>
      <pos>9</pos>
      <index>9</index>
    </item>
    <item>
      <visible>true</visible>
      <backcolor>-16777211</backcolor>
      <textcolor>-16777208</textcolor>
      <fontstyle>0</fontstyle>
      <condition>0</condition>
      <value></value>
      <regex></regex>
      <width>100</width>
      <pos>10</pos>
      <index>10</index>
    </item>
    <item>
      <visible>true</visible>
      <backcolor>-16777211</backcolor>
      <textcolor>-16777208</textcolor>
      <fontstyle>0</fontstyle>
      <condition>0</condition>
      <value></value>
      <regex></regex>
      <width>100</width>
      <pos>11</pos>
      <index>11</index>
    </item>
    <item>
      <visible>true</visible>
      <backcolor>-16777211</backcolor>
      <textcolor>-16777208</textcolor>
      <fontstyle>0</fontstyle>
      <condition>0</condition>
      <value></value>
      <regex></regex>
      <width>100</width>
      <pos>12</pos>
      <index>12</index>
    </item>
    <item>
      <visible>true</visible>
      <backcolor>-16777211</backcolor>
      <textcolor>-16777208</textcolor>
      <fontstyle>0</fontstyle>
      <condition>0</condition>
      <value></value>
      <regex></regex>
      <width>100</width>
      <pos>13</pos>
      <index>13</index>
    </item>
    <item>
      <visible>true</visible>
      <backcolor>-16777211</backcolor>
      <textcolor>-16777208</textcolor>
      <fontstyle>0</fontstyle>
      <condition>0</condition>
      <value></value>
      <regex></regex>
      <width>100</width>
      <pos>14</pos>
      <index>14</index>
    </item>
    <item>
      <visible>true</visible>
      <backcolor>-16777211</backcolor>
      <textcolor>-16777208</textcolor>
      <fontstyle>0</fontstyle>
      <condition>0</condition>
      <value></value>
      <regex></regex>
      <width>100</width>
      <pos>15</pos>
      <index>15</index>
    </item>
    <item>
      <visible>true</visible>
      <backcolor>-16777211</backcolor>
      <textcolor>-16777208</textcolor>
      <fontstyle>0</fontstyle>
      <condition>0</condition>
      <value></value>
      <regex></regex>
      <width>100</width>
      <pos>16</pos>
      <index>16</index>
    </item>
    <item>
      <visible>true</visible>
      <backcolor>-16777211</backcolor>
      <textcolor>-16777208</textcolor>
      <fontstyle>0</fontstyle>
      <condition>0</condition>
      <value></value>
      <regex></regex>
      <width>100</width>
      <pos>17</pos>
      <index>17</index>
    </item>
    <item>
      <visible>true</visible>
      <backcolor>-16777211</backcolor>
      <textcolor>-16777208</textcolor>
      <fontstyle>0</fontstyle>
      <condition>0</condition>
      <value></value>
      <regex></regex>
      <width>100</width>
      <pos>18</pos>
      <index>18</index>
    </item>
    <item>
      <visible>true</visible>
      <backcolor>-16777211</backcolor>
      <textcolor>-16777208</textcolor>
      <fontstyle>0</fontstyle>
      <condition>0</condition>
      <value></value>
      <regex></regex>
      <width>100</width>
      <pos>19</pos>
      <index>19</index>
    </item>
    <item>
      <visible>true</visible>
      <backcolor>-16777211</backcolor>
      <textcolor>-16777208</textcolor>
      <fontstyle>0</fontstyle>
      <condition>0</condition>
      <value></value>
      <regex></regex>
      <width>100</width>
      <pos>20</pos>
      <index>20</index>
    </item>
    <item>
      <visible>true</visible>
      <backcolor>-16777211</backcolor>
      <textcolor>-16777208</textcolor>
      <fontstyle>0</fontstyle>
      <condition>0</condition>
      <value></value>
      <regex></regex>
      <width>100</width>
      <pos>21</pos>
      <index>21</index>
    </item>
    <item>
      <visible>true</visible>
      <backcolor>-16777211</backcolor>
      <textcolor>-16777208</textcolor>
      <fontstyle>0</fontstyle>
      <condition>0</condition>
      <value></value>
      <regex></regex>
      <width>100</width>
      <pos>22</pos>
      <index>22</index>
    </item>
    <item>
      <visible>true</visible>
      <backcolor>-16777211</backcolor>
      <textcolor>-16777208</textcolor>
      <fontstyle>0</fontstyle>
      <condition>0</condition>
      <value></value>
      <regex></regex>
      <width>100</width>
      <pos>23</pos>
      <index>23</index>
    </item>
    <item>
      <visible>true</visible>
      <backcolor>-16777211</backcolor>
      <textcolor>-16777208</textcolor>
      <fontstyle>0</fontstyle>
      <condition>0</condition>
      <value></value>
      <regex></regex>
      <width>100</width>
      <pos>24</pos>
      <index>24</index>
    </item>
    <item>
      <visible>true</visible>
      <backcolor>-16777211</backcolor>
      <textcolor>-16777208</textcolor>
      <fontstyle>0</fontstyle>
      <condition>0</condition>
      <value></value>
      <regex></regex>
      <width>100</width>
      <pos>25</pos>
      <index>25</index>
    </item>
    <item>
      <visible>true</visible>
      <backcolor>-16777211</backcolor>
      <textcolor>-16777208</textcolor>
      <fontstyle>0</fontstyle>
      <condition>0</condition>
      <value></value>
      <regex></regex>
      <width>100</width>
      <pos>26</pos>
      <index>26</index>
    </item>
    <item>
      <visible>true</visible>
      <backcolor>-16777211</backcolor>
      <textcolor>-16777208</textcolor>
      <fontstyle>0</fontstyle>
      <condition>0</condition>
      <value></value>
      <regex></regex>
      <width>100</width>
      <pos>27</pos>
      <index>27</index>
    </item>
    <item>
      <visible>true</visible>
      <backcolor>-16777211</backcolor>
      <textcolor>-16777208</textcolor>
      <fontstyle>0</fontstyle>
      <condition>0</condition>
      <value></value>
      <regex></regex>
      <width>100</width>
      <pos>28</pos>
      <index>28</index>
    </item>
    <item>
      <visible>true</visible>
      <backcolor>-16777211</backcolor>
      <textcolor>-16777208</textcolor>
      <fontstyle>0</fontstyle>
      <condition>0</condition>
      <value></value>
      <regex></regex>
      <width>100</width>
      <pos>29</pos>
      <index>29</index>
    </item>
    <item>
      <visible>true</visible>
      <backcolor>-16777211</backcolor>
      <textcolor>-16777208</textcolor>
      <fontstyle>0</fontstyle>
      <condition>0</condition>
      <value></value>
      <regex></regex>
      <width>100</width>
      <pos>30</pos>
      <index>30</index>
    </item>
    <item>
      <visible>true</visible>
      <backcolor>-16777211</backcolor>
      <textcolor>-16777208</textcolor>
      <fontstyle>0</fontstyle>
      <condition>0</condition>
      <value></value>
      <regex></regex>
      <width>100</width>
      <pos>31</pos>
      <index>31</index>
    </item>
    <item>
      <visible>true</visible>
      <backcolor>-16777211</backcolor>
      <textcolor>-16777208</textcolor>
      <fontstyle>0</fontstyle>
      <condition>0</condition>
      <value></value>
      <regex></regex>
      <width>100</width>
      <pos>32</pos>
      <index>32</index>
    </item>
    <item>
      <visible>true</visible>
      <backcolor>-16777211</backcolor>
      <textcolor>-16777208</textcolor>
      <fontstyle>0</fontstyle>
      <condition>0</condition>
      <value></value>
      <regex></regex>
      <width>100</width>
      <pos>33</pos>
      <index>33</index>
    </item>
    <item>
      <visible>true</visible>
      <backcolor>-16777211</backcolor>
      <textcolor>-16777208</textcolor>
      <fontstyle>0</fontstyle>
      <condition>0</condition>
      <value></value>
      <regex></regex>
      <width>100</width>
      <pos>34</pos>
      <index>34</index>
    </item>
    <item>
      <visible>true</visible>
      <backcolor>-16777211</backcolor>
      <textcolor>-16777208</textcolor>
      <fontstyle>0</fontstyle>
      <condition>0</condition>
      <value></value>
      <regex></regex>
      <width>100</width>
      <pos>35</pos>
      <index>35</index>
    </item>
    <item>
      <visible>true</visible>
      <backcolor>-16777211</backcolor>
      <textcolor>-16777208</textcolor>
      <fontstyle>0</fontstyle>
      <condition>0</condition>
      <value></value>
      <regex></regex>
      <width>100</width>
      <pos>36</pos>
      <index>36</index>
    </item>
    <item>
      <visible>true</visible>
      <backcolor>-16777211</backcolor>
      <textcolor>-16777208</textcolor>
      <fontstyle>0</fontstyle>
      <condition>0</condition>
      <value></value>
      <regex></regex>
      <width>100</width>
      <pos>37</pos>
      <index>37</index>
    </item>
    <item>
      <visible>true</visible>
      <backcolor>-16777211</backcolor>
      <textcolor>-16777208</textcolor>
      <fontstyle>0</fontstyle>
      <condition>0</condition>
      <value></value>
      <regex></regex>
      <width>100</width>
      <pos>38</pos>
      <index>38</index>
    </item>
    <item>
      <visible>true</visible>
      <backcolor>-16777211</backcolor>
      <textcolor>-16777208</textcolor>
      <fontstyle>0</fontstyle>
      <condition>0</condition>
      <value></value>
      <regex></regex>
      <width>100</width>
      <pos>39</pos>
      <index>39</index>
    </item>
    <item>
      <visible>true</visible>
      <backcolor>-16777211</backcolor>
      <textcolor>-16777208</textcolor>
      <fontstyle>0</fontstyle>
      <condition>0</condition>
      <value></value>
      <regex></regex>
      <width>100</width>
      <pos>40</pos>
      <index>40</index>
    </item>
    <item>
      <visible>true</visible>
      <backcolor>-16777211</backcolor>
      <textcolor>-16777208</textcolor>
      <fontstyle>0</fontstyle>
      <condition>0</condition>
      <value></value>
      <regex></regex>
      <width>100</width>
      <pos>41</pos>
      <index>41</index>
    </item>
    <item>
      <visible>true</visible>
      <backcolor>-16777211</backcolor>
      <textcolor>-16777208</textcolor>
      <fontstyle>0</fontstyle>
      <condition>0</condition>
      <value></value>
      <regex></regex>
      <width>100</width>
      <pos>42</pos>
      <index>42</index>
    </item>
    <item>
      <visible>true</visible>
      <backcolor>-16777211</backcolor>
      <textcolor>-16777208</textcolor>
      <fontstyle>0</fontstyle>
      <condition>0</condition>
      <value></value>
      <regex></regex>
      <width>100</width>
      <pos>43</pos>
      <index>43</index>
    </item>
    <item>
      <visible>true</visible>
      <backcolor>-16777211</backcolor>
      <textcolor>-16777208</textcolor>
      <fontstyle>0</fontstyle>
      <condition>0</condition>
      <value></value>
      <regex></regex>
      <width>100</width>
      <pos>44</pos>
      <index>44</index>
    </item>
    <item>
      <visible>true</visible>
      <backcolor>-16777211</backcolor>
      <textcolor>-16777208</textcolor>
      <fontstyle>0</fontstyle>
      <condition>0</condition>
      <value></value>
      <regex></regex>
      <width>100</width>
      <pos>45</pos>
      <index>45</index>
    </item>
    <item>
      <visible>true</visible>
      <backcolor>-16777211</backcolor>
      <textcolor>-16777208</textcolor>
      <fontstyle>0</fontstyle>
      <condition>0</condition>
      <value></value>
      <regex></regex>
      <width>100</width>
      <pos>46</pos>
      <index>46</index>
    </item>
    <item>
      <visible>true</visible>
      <backcolor>-16777211</backcolor>
      <textcolor>-16777208</textcolor>
      <fontstyle>0</fontstyle>
      <condition>0</condition>
      <value></value>
      <regex></regex>
      <width>100</width>
      <pos>47</pos>
      <index>47</index>
    </item>
    <item>
      <visible>true</visible>
      <backcolor>-16777211</backcolor>
      <textcolor>-16777208</textcolor>
      <fontstyle>0</fontstyle>
      <condition>0</condition>
      <value></value>
      <regex></regex>
      <width>100</width>
      <pos>48</pos>
      <index>48</index>
    </item>
    <item>
      <visible>true</visible>
      <backcolor>-16777211</backcolor>
      <textcolor>-16777208</textcolor>
      <fontstyle>0</fontstyle>
      <condition>0</condition>
      <value></value>
      <regex></regex>
      <width>100</width>
      <pos>49</pos>
      <index>49</index>
    </item>
    <item>
      <visible>true</visible>
      <backcolor>-16777211</backcolor>
      <textcolor>-16777208</textcolor>
      <fontstyle>0</fontstyle>
      <condition>0</condition>
      <value></value>
      <regex></regex>
      <width>100</width>
      <pos>50</pos>
      <index>50</index>
    </item>
    <item>
      <visible>true</visible>
      <backcolor>-16777211</backcolor>
      <textcolor>-16777208</textcolor>
      <fontstyle>0</fontstyle>
      <condition>0</condition>
      <value></value>
      <regex></regex>
      <width>100</width>
      <pos>51</pos>
      <index>51</index>
    </item>
    <item>
      <visible>true</visible>
      <backcolor>-16777211</backcolor>
      <textcolor>-16777208</textcolor>
      <fontstyle>0</fontstyle>
      <condition>0</condition>
      <value></value>
      <regex></regex>
      <width>100</width>
      <pos>52</pos>
      <index>52</index>
    </item>
    <item>
      <visible>true</visible>
      <backcolor>-16777211</backcolor>
      <textcolor>-16777208</textcolor>
      <fontstyle>0</fontstyle>
      <condition>0</condition>
      <value></value>
      <regex></regex>
      <width>100</width>
      <pos>53</pos>
      <index>53</index>
    </item>
    <item>
      <visible>true</visible>
      <backcolor>-16777211</backcolor>
      <textcolor>-16777208</textcolor>
      <fontstyle>0</fontstyle>
      <condition>0</condition>
      <value></value>
      <regex></regex>
      <width>100</width>
      <pos>54</pos>
      <index>54</index>
    </item>
    <item>
      <visible>true</visible>
      <backcolor>-16777211</backcolor>
      <textcolor>-16777208</textcolor>
      <fontstyle>0</fontstyle>
      <condition>0</condition>
      <value></value>
      <regex></regex>
      <width>100</width>
      <pos>55</pos>
      <index>55</index>
    </item>
    <item>
      <visible>true</visible>
      <backcolor>-16777211</backcolor>
      <textcolor>-16777208</textcolor>
      <fontstyle>0</fontstyle>
      <condition>0</condition>
      <value></value>
      <regex></regex>
      <width>100</width>
      <pos>56</pos>
      <index>56</index>
    </item>
    <item>
      <visible>true</visible>
      <backcolor>-16777211</backcolor>
      <textcolor>-16777208</textcolor>
      <fontstyle>0</fontstyle>
      <condition>0</condition>
      <value></value>
      <regex></regex>
      <width>100</width>
      <pos>57</pos>
      <index>57</index>
    </item>
    <item>
      <visible>true</visible>
      <backcolor>-16777211</backcolor>
      <textcolor>-16777208</textcolor>
      <fontstyle>0</fontstyle>
      <condition>0</condition>
      <value></value>
      <regex></regex>
      <width>100</width>
      <pos>58</pos>
      <index>58</index>
    </item>
    <item>
      <visible>true</visible>
      <backcolor>-16777211</backcolor>
      <textcolor>-16777208</textcolor>
      <fontstyle>0</fontstyle>
      <condition>0</condition>
      <value></value>
      <regex></regex>
      <width>100</width>
      <pos>59</pos>
      <index>59</index>
    </item>
    <item>
      <visible>true</visible>
      <backcolor>-16777211</backcolor>
      <textcolor>-16777208</textcolor>
      <fontstyle>0</fontstyle>
      <condition>0</condition>
      <value></value>
      <regex></regex>
      <width>100</width>
      <pos>60</pos>
      <index>60</index>
    </item>
    <item>
      <visible>true</visible>
      <backcolor>-16777211</backcolor>
      <textcolor>-16777208</textcolor>
      <fontstyle>0</fontstyle>
      <condition>0</condition>
      <value></value>
      <regex></regex>
      <width>100</width>
      <pos>61</pos>
      <index>61</index>
    </item>
    <item>
      <visible>true</visible>
      <backcolor>-16777211</backcolor>
      <textcolor>-16777208</textcolor>
      <fontstyle>0</fontstyle>
      <condition>0</condition>
      <value></value>
      <regex></regex>
      <width>100</width>
      <pos>62</pos>
      <index>62</index>
    </item>
    <item>
      <visible>true</visible>
      <backcolor>-16777211</backcolor>
      <textcolor>-16777208</textcolor>
      <fontstyle>0</fontstyle>
      <condition>0</condition>
      <value></value>
      <regex></regex>
      <width>100</width>
      <pos>63</pos>
      <index>63</index>
    </item>
    <item>
      <visible>true</visible>
      <backcolor>-16777211</backcolor>
      <textcolor>-16777208</textcolor>
      <fontstyle>0</fontstyle>
      <condition>0</condition>
      <value></value>
      <regex></regex>
      <width>100</width>
      <pos>64</pos>
      <index>64</index>
    </item>
    <item>
      <visible>true</visible>
      <backcolor>-16777211</backcolor>
      <textcolor>-16777208</textcolor>
      <fontstyle>0</fontstyle>
      <condition>0</condition>
      <value></value>
      <regex></regex>
      <width>100</width>
      <pos>65</pos>
      <index>65</index>
    </item>
    <item>
      <visible>true</visible>
      <backcolor>-16777211</backcolor>
      <textcolor>-16777208</textcolor>
      <fontstyle>0</fontstyle>
      <condition>0</condition>
      <value></value>
      <regex></regex>
      <width>100</width>
      <pos>66</pos>
      <index>66</index>
    </item>
    <item>
      <visible>true</visible>
      <backcolor>-16777211</backcolor>
      <textcolor>-16777208</textcolor>
      <fontstyle>0</fontstyle>
      <condition>0</condition>
      <value></value>
      <regex></regex>
      <width>100</width>
      <pos>67</pos>
      <index>67</index>
    </item>
    <item>
      <visible>true</visible>
      <backcolor>-16777211</backcolor>
      <textcolor>-16777208</textcolor>
      <fontstyle>0</fontstyle>
      <condition>0</condition>
      <value></value>
      <regex></regex>
      <width>100</width>
      <pos>68</pos>
      <index>68</index>
    </item>
    <item>
      <visible>true</visible>
      <backcolor>-16777211</backcolor>
      <textcolor>-16777208</textcolor>
      <fontstyle>0</fontstyle>
      <condition>0</condition>
      <value></value>
      <regex></regex>
      <width>100</width>
      <pos>69</pos>
      <index>69</index>
    </item>
    <item>
      <visible>true</visible>
      <backcolor>-16777211</backcolor>
      <textcolor>-16777208</textcolor>
      <fontstyle>0</fontstyle>
      <condition>0</condition>
      <value></value>
      <regex></regex>
      <width>100</width>
      <pos>70</pos>
      <index>70</index>
    </item>
    <item>
      <visible>true</visible>
      <backcolor>-16777211</backcolor>
      <textcolor>-16777208</textcolor>
      <fontstyle>0</fontstyle>
      <condition>0</condition>
      <value></value>
      <regex></regex>
      <width>100</width>
      <pos>71</pos>
      <index>71</index>
    </item>
    <item>
      <visible>true</visible>
      <backcolor>-16777211</backcolor>
      <textcolor>-16777208</textcolor>
      <fontstyle>0</fontstyle>
      <condition>0</condition>
      <value></value>
      <regex></regex>
      <width>100</width>
      <pos>72</pos>
      <index>72</index>
    </item>
    <item>
      <visible>true</visible>
      <backcolor>-16777211</backcolor>
      <textcolor>-16777208</textcolor>
      <fontstyle>0</fontstyle>
      <condition>0</condition>
      <value></value>
      <regex></regex>
      <width>100</width>
      <pos>73</pos>
      <index>73</index>
    </item>
    <item>
      <visible>true</visible>
      <backcolor>-16777211</backcolor>
      <textcolor>-16777208</textcolor>
      <fontstyle>0</fontstyle>
      <condition>0</condition>
      <value></value>
      <regex></regex>
      <width>100</width>
      <pos>74</pos>
      <index>74</index>
    </item>
    <item>
      <visible>true</visible>
      <backcolor>-16777211</backcolor>
      <textcolor>-16777208</textcolor>
      <fontstyle>0</fontstyle>
      <condition>0</condition>
      <value></value>
      <regex></regex>
      <width>100</width>
      <pos>75</pos>
      <index>75</index>
    </item>
    <item>
      <visible>true</visible>
      <backcolor>-16777211</backcolor>
      <textcolor>-16777208</textcolor>
      <fontstyle>0</fontstyle>
      <condition>0</condition>
      <value></value>
      <regex></regex>
      <width>100</width>
      <pos>76</pos>
      <index>76</index>
    </item>
    <item>
      <visible>true</visible>
      <backcolor>-16777211</backcolor>
      <textcolor>-16777208</textcolor>
      <fontstyle>0</fontstyle>
      <condition>0</condition>
      <value></value>
      <regex></regex>
      <width>100</width>
      <pos>77</pos>
      <index>77</index>
    </item>
    <item>
      <visible>true</visible>
      <backcolor>-16777211</backcolor>
      <textcolor>-16777208</textcolor>
      <fontstyle>0</fontstyle>
      <condition>0</condition>
      <value></value>
      <regex></regex>
      <width>100</width>
      <pos>78</pos>
      <index>78</index>
    </item>
    <item>
      <visible>true</visible>
      <backcolor>-16777211</backcolor>
      <textcolor>-16777208</textcolor>
      <fontstyle>0</fontstyle>
      <condition>0</condition>
      <value></value>
      <regex></regex>
      <width>100</width>
      <pos>79</pos>
      <index>79</index>
    </item>
    <item>
      <visible>true</visible>
      <backcolor>-16777211</backcolor>
      <textcolor>-16777208</textcolor>
      <fontstyle>0</fontstyle>
      <condition>0</condition>
      <value></value>
      <regex></regex>
      <width>100</width>
      <pos>80</pos>
      <index>80</index>
    </item>
    <item>
      <visible>true</visible>
      <backcolor>-16777211</backcolor>
      <textcolor>-16777208</textcolor>
      <fontstyle>0</fontstyle>
      <condition>0</condition>
      <value></value>
      <regex></regex>
      <width>100</width>
      <pos>81</pos>
      <index>81</index>
    </item>
    <item>
      <visible>true</visible>
      <backcolor>-16777211</backcolor>
      <textcolor>-16777208</textcolor>
      <fontstyle>0</fontstyle>
      <condition>0</condition>
      <value></value>
      <regex></regex>
      <width>100</width>
      <pos>82</pos>
      <index>82</index>
    </item>
    <item>
      <visible>true</visible>
      <backcolor>-16777211</backcolor>
      <textcolor>-16777208</textcolor>
      <fontstyle>0</fontstyle>
      <condition>0</condition>
      <value></value>
      <regex></regex>
      <width>100</width>
      <pos>83</pos>
      <index>83</index>
    </item>
    <item>
      <visible>true</visible>
      <backcolor>-16777211</backcolor>
      <textcolor>-16777208</textcolor>
      <fontstyle>0</fontstyle>
      <condition>0</condition>
      <value></value>
      <regex></regex>
      <width>100</width>
      <pos>84</pos>
      <index>84</index>
    </item>
    <item>
      <visible>true</visible>
      <backcolor>-16777211</backcolor>
      <textcolor>-16777208</textcolor>
      <fontstyle>0</fontstyle>
      <condition>0</condition>
      <value></value>
      <regex></regex>
      <width>100</width>
      <pos>85</pos>
      <index>85</index>
    </item>
    <item>
      <visible>true</visible>
      <backcolor>-16777211</backcolor>
      <textcolor>-16777208</textcolor>
      <fontstyle>0</fontstyle>
      <condition>0</condition>
      <value></value>
      <regex></regex>
      <width>100</width>
      <pos>86</pos>
      <index>86</index>
    </item>
    <item>
      <visible>true</visible>
      <backcolor>-16777211</backcolor>
      <textcolor>-16777208</textcolor>
      <fontstyle>0</fontstyle>
      <condition>0</condition>
      <value></value>
      <regex></regex>
      <width>100</width>
      <pos>87</pos>
      <index>87</index>
    </item>
    <item>
      <visible>true</visible>
      <backcolor>-16777211</backcolor>
      <textcolor>-16777208</textcolor>
      <fontstyle>0</fontstyle>
      <condition>0</condition>
      <value></value>
      <regex></regex>
      <width>100</width>
      <pos>88</pos>
      <index>88</index>
    </item>
    <item>
      <visible>true</visible>
      <backcolor>-16777211</backcolor>
      <textcolor>-16777208</textcolor>
      <fontstyle>0</fontstyle>
      <condition>0</condition>
      <value></value>
      <regex></regex>
      <width>100</width>
      <pos>89</pos>
      <index>89</index>
    </item>
    <item>
      <visible>true</visible>
      <backcolor>-16777211</backcolor>
      <textcolor>-16777208</textcolor>
      <fontstyle>0</fontstyle>
      <condition>0</condition>
      <value></value>
      <regex></regex>
      <width>100</width>
      <pos>90</pos>
      <index>90</index>
    </item>
    <item>
      <visible>true</visible>
      <backcolor>-16777211</backcolor>
      <textcolor>-16777208</textcolor>
      <fontstyle>0</fontstyle>
      <condition>0</condition>
      <value></value>
      <regex></regex>
      <width>100</width>
      <pos>91</pos>
      <index>91</index>
    </item>
    <item>
      <visible>true</visible>
      <backcolor>-16777211</backcolor>
      <textcolor>-16777208</textcolor>
      <fontstyle>0</fontstyle>
      <condition>0</condition>
      <value></value>
      <regex></regex>
      <width>100</width>
      <pos>92</pos>
      <index>92</index>
    </item>
    <item>
      <visible>true</visible>
      <backcolor>-16777211</backcolor>
      <textcolor>-16777208</textcolor>
      <fontstyle>0</fontstyle>
      <condition>0</condition>
      <value></value>
      <regex></regex>
      <width>100</width>
      <pos>93</pos>
      <index>93</index>
    </item>
    <item>
      <visible>true</visible>
      <backcolor>-16777211</backcolor>
      <textcolor>-16777208</textcolor>
      <fontstyle>0</fontstyle>
      <condition>0</condition>
      <value></value>
      <regex></regex>
      <width>100</width>
      <pos>94</pos>
      <index>94</index>
    </item>
    <item>
      <visible>true</visible>
      <backcolor>-16777211</backcolor>
      <textcolor>-16777208</textcolor>
      <fontstyle>0</fontstyle>
      <condition>0</condition>
      <value></value>
      <regex></regex>
      <width>100</width>
      <pos>95</pos>
      <index>95</index>
    </item>
    <item>
      <visible>true</visible>
      <backcolor>-16777211</backcolor>
      <textcolor>-16777208</textcolor>
      <fontstyle>0</fontstyle>
      <condition>0</condition>
      <value></value>
      <regex></regex>
      <width>100</width>
      <pos>96</pos>
      <index>96</index>
    </item>
    <item>
      <visible>true</visible>
      <backcolor>-16777211</backcolor>
      <textcolor>-16777208</textcolor>
      <fontstyle>0</fontstyle>
      <condition>0</condition>
      <value></value>
      <regex></regex>
      <width>100</width>
      <pos>97</pos>
      <index>97</index>
    </item>
    <item>
      <visible>true</visible>
      <backcolor>-16777211</backcolor>
      <textcolor>-16777208</textcolor>
      <fontstyle>0</fontstyle>
      <condition>0</condition>
      <value></value>
      <regex></regex>
      <width>100</width>
      <pos>98</pos>
      <index>98</index>
    </item>
    <item>
      <visible>true</visible>
      <backcolor>-16777211</backcolor>
      <textcolor>-16777208</textcolor>
      <fontstyle>0</fontstyle>
      <condition>0</condition>
      <value></value>
      <regex></regex>
      <width>100</width>
      <pos>99</pos>
      <index>99</index>
    </item>
    <item>
      <visible>true</visible>
      <backcolor>-16777211</backcolor>
      <textcolor>-16777208</textcolor>
      <fontstyle>0</fontstyle>
      <condition>0</condition>
      <value></value>
      <regex></regex>
      <width>100</width>
      <pos>100</pos>
      <index>100</index>
    </item>
    <item>
      <visible>true</visible>
      <backcolor>-16777211</backcolor>
      <textcolor>-16777208</textcolor>
      <fontstyle>0</fontstyle>
      <condition>0</condition>
      <value></value>
      <regex></regex>
      <width>100</width>
      <pos>101</pos>
      <index>101</index>
    </item>
    <item>
      <visible>true</visible>
      <backcolor>-16777211</backcolor>
      <textcolor>-16777208</textcolor>
      <fontstyle>0</fontstyle>
      <condition>0</condition>
      <value></value>
      <regex></regex>
      <width>100</width>
      <pos>102</pos>
      <index>102</index>
    </item>
    <item>
      <visible>true</visible>
      <backcolor>-16777211</backcolor>
      <textcolor>-16777208</textcolor>
      <fontstyle>0</fontstyle>
      <condition>0</condition>
      <value></value>
      <regex></regex>
      <width>100</width>
      <pos>103</pos>
      <index>103</index>
    </item>
    <item>
      <visible>true</visible>
      <backcolor>-16777211</backcolor>
      <textcolor>-16777208</textcolor>
      <fontstyle>0</fontstyle>
      <condition>0</condition>
      <value></value>
      <regex></regex>
      <width>100</width>
      <pos>104</pos>
      <index>104</index>
    </item>
    <item>
      <visible>true</visible>
      <backcolor>-16777211</backcolor>
      <textcolor>-16777208</textcolor>
      <fontstyle>0</fontstyle>
      <condition>0</condition>
      <value></value>
      <regex></regex>
      <width>100</width>
      <pos>105</pos>
      <index>105</index>
    </item>
    <item>
      <visible>true</visible>
      <backcolor>-16777211</backcolor>
      <textcolor>-16777208</textcolor>
      <fontstyle>0</fontstyle>
      <condition>0</condition>
      <value></value>
      <regex></regex>
      <width>100</width>
      <pos>106</pos>
      <index>106</index>
    </item>
    <item>
      <visible>true</visible>
      <backcolor>-16777211</backcolor>
      <textcolor>-16777208</textcolor>
      <fontstyle>0</fontstyle>
      <condition>0</condition>
      <value></value>
      <regex></regex>
      <width>100</width>
      <pos>107</pos>
      <index>107</index>
    </item>
    <item>
      <visible>true</visible>
      <backcolor>-16777211</backcolor>
      <textcolor>-16777208</textcolor>
      <fontstyle>0</fontstyle>
      <condition>0</condition>
      <value></value>
      <regex></regex>
      <width>100</width>
      <pos>108</pos>
      <index>108</index>
    </item>
    <item>
      <visible>true</visible>
      <backcolor>-16777211</backcolor>
      <textcolor>-16777208</textcolor>
      <fontstyle>0</fontstyle>
      <condition>0</condition>
      <value></value>
      <regex></regex>
      <width>100</width>
      <pos>109</pos>
      <index>109</index>
    </item>
    <item>
      <visible>true</visible>
      <backcolor>-16777211</backcolor>
      <textcolor>-16777208</textcolor>
      <fontstyle>0</fontstyle>
      <condition>0</condition>
      <value></value>
      <regex></regex>
      <width>100</width>
      <pos>110</pos>
      <index>110</index>
    </item>
    <item>
      <visible>true</visible>
      <backcolor>-16777211</backcolor>
      <textcolor>-16777208</textcolor>
      <fontstyle>0</fontstyle>
      <condition>0</condition>
      <value></value>
      <regex></regex>
      <width>100</width>
      <pos>111</pos>
      <index>111</index>
    </item>
    <item>
      <visible>true</visible>
      <backcolor>-16777211</backcolor>
      <textcolor>-16777208</textcolor>
      <fontstyle>0</fontstyle>
      <condition>0</condition>
      <value></value>
      <regex></regex>
      <width>100</width>
      <pos>112</pos>
      <index>112</index>
    </item>
    <item>
      <visible>true</visible>
      <backcolor>-16777211</backcolor>
      <textcolor>-16777208</textcolor>
      <fontstyle>0</fontstyle>
      <condition>0</condition>
      <value></value>
      <regex></regex>
      <width>100</width>
      <pos>113</pos>
      <index>113</index>
    </item>
    <item>
      <visible>true</visible>
      <backcolor>-16777211</backcolor>
      <textcolor>-16777208</textcolor>
      <fontstyle>0</fontstyle>
      <condition>0</condition>
      <value></value>
      <regex></regex>
      <width>100</width>
      <pos>114</pos>
      <index>114</index>
    </item>
    <item>
      <visible>true</visible>
      <backcolor>-16777211</backcolor>
      <textcolor>-16777208</textcolor>
      <fontstyle>0</fontstyle>
      <condition>0</condition>
      <value></value>
      <regex></regex>
      <width>100</width>
      <pos>115</pos>
      <index>115</index>
    </item>
    <item>
      <visible>true</visible>
      <backcolor>-16777211</backcolor>
      <textcolor>-16777208</textcolor>
      <fontstyle>0</fontstyle>
      <condition>0</condition>
      <value></value>
      <regex></regex>
      <width>100</width>
      <pos>116</pos>
      <index>116</index>
    </item>
    <item>
      <visible>true</visible>
      <backcolor>-16777211</backcolor>
      <textcolor>-16777208</textcolor>
      <fontstyle>0</fontstyle>
      <condition>0</condition>
      <value></value>
      <regex></regex>
      <width>100</width>
      <pos>117</pos>
      <index>117</index>
    </item>
    <item>
      <visible>true</visible>
      <backcolor>-16777211</backcolor>
      <textcolor>-16777208</textcolor>
      <fontstyle>0</fontstyle>
      <condition>0</condition>
      <value></value>
      <regex></regex>
      <width>100</width>
      <pos>118</pos>
      <index>118</index>
    </item>
    <item>
      <visible>true</visible>
      <backcolor>-16777211</backcolor>
      <textcolor>-16777208</textcolor>
      <fontstyle>0</fontstyle>
      <condition>0</condition>
      <value></value>
      <regex></regex>
      <width>100</width>
      <pos>119</pos>
      <index>119</index>
    </item>
    <item>
      <visible>true</visible>
      <backcolor>-16777211</backcolor>
      <textcolor>-16777208</textcolor>
      <fontstyle>0</fontstyle>
      <condition>0</condition>
      <value></value>
      <regex></regex>
      <width>100</width>
      <pos>120</pos>
      <index>120</index>
    </item>
    <item>
      <visible>true</visible>
      <backcolor>-16777211</backcolor>
      <textcolor>-16777208</textcolor>
      <fontstyle>0</fontstyle>
      <condition>0</condition>
      <value></value>
      <regex></regex>
      <width>100</width>
      <pos>121</pos>
      <index>121</index>
    </item>
    <item>
      <visible>true</visible>
      <backcolor>-16777211</backcolor>
      <textcolor>-16777208</textcolor>
      <fontstyle>0</fontstyle>
      <condition>0</condition>
      <value></value>
      <regex></regex>
      <width>100</width>
      <pos>122</pos>
      <index>122</index>
    </item>
    <item>
      <visible>true</visible>
      <backcolor>-16777211</backcolor>
      <textcolor>-16777208</textcolor>
      <fontstyle>0</fontstyle>
      <condition>0</condition>
      <value></value>
      <regex></regex>
      <width>100</width>
      <pos>123</pos>
      <index>123</index>
    </item>
    <item>
      <visible>true</visible>
      <backcolor>-16777211</backcolor>
      <textcolor>-16777208</textcolor>
      <fontstyle>0</fontstyle>
      <condition>0</condition>
      <value></value>
      <regex></regex>
      <width>100</width>
      <pos>124</pos>
      <index>124</index>
    </item>
    <item>
      <visible>true</visible>
      <backcolor>-16777211</backcolor>
      <textcolor>-16777208</textcolor>
      <fontstyle>0</fontstyle>
      <condition>0</condition>
      <value></value>
      <regex></regex>
      <width>100</width>
      <pos>125</pos>
      <index>125</index>
    </item>
    <item>
      <visible>true</visible>
      <backcolor>-16777211</backcolor>
      <textcolor>-16777208</textcolor>
      <fontstyle>0</fontstyle>
      <condition>0</condition>
      <value></value>
      <regex></regex>
      <width>100</width>
      <pos>126</pos>
      <index>126</index>
    </item>
    <item>
      <visible>true</visible>
      <backcolor>-16777211</backcolor>
      <textcolor>-16777208</textcolor>
      <fontstyle>0</fontstyle>
      <condition>0</condition>
      <value></value>
      <regex></regex>
      <width>100</width>
      <pos>127</pos>
      <index>127</index>
    </item>
    <item>
      <visible>true</visible>
      <backcolor>-16777211</backcolor>
      <textcolor>-16777208</textcolor>
      <fontstyle>0</fontstyle>
      <condition>0</condition>
      <value></value>
      <regex></regex>
      <width>100</width>
      <pos>128</pos>
      <index>128</index>
    </item>
    <item>
      <visible>true</visible>
      <backcolor>-16777211</backcolor>
      <textcolor>-16777208</textcolor>
      <fontstyle>0</fontstyle>
      <condition>0</condition>
      <value></value>
      <regex></regex>
      <width>100</width>
      <pos>129</pos>
      <index>129</index>
    </item>
    <item>
      <visible>true</visible>
      <backcolor>-16777211</backcolor>
      <textcolor>-16777208</textcolor>
      <fontstyle>0</fontstyle>
      <condition>0</condition>
      <value></value>
      <regex></regex>
      <width>100</width>
      <pos>130</pos>
      <index>130</index>
    </item>
    <item>
      <visible>true</visible>
      <backcolor>-16777211</backcolor>
      <textcolor>-16777208</textcolor>
      <fontstyle>0</fontstyle>
      <condition>0</condition>
      <value></value>
      <regex></regex>
      <width>100</width>
      <pos>131</pos>
      <index>131</index>
    </item>
    <item>
      <visible>true</visible>
      <backcolor>-16777211</backcolor>
      <textcolor>-16777208</textcolor>
      <fontstyle>0</fontstyle>
      <condition>0</condition>
      <value></value>
      <regex></regex>
      <width>100</width>
      <pos>132</pos>
      <index>132</index>
    </item>
    <item>
      <visible>true</visible>
      <backcolor>-16777211</backcolor>
      <textcolor>-16777208</textcolor>
      <fontstyle>0</fontstyle>
      <condition>0</condition>
      <value></value>
      <regex></regex>
      <width>100</width>
      <pos>133</pos>
      <index>133</index>
    </item>
    <item>
      <visible>true</visible>
      <backcolor>-16777211</backcolor>
      <textcolor>-16777208</textcolor>
      <fontstyle>0</fontstyle>
      <condition>0</condition>
      <value></value>
      <regex></regex>
      <width>100</width>
      <pos>134</pos>
      <index>134</index>
    </item>
    <item>
      <visible>true</visible>
      <backcolor>-16777211</backcolor>
      <textcolor>-16777208</textcolor>
      <fontstyle>0</fontstyle>
      <condition>0</condition>
      <value></value>
      <regex></regex>
      <width>100</width>
      <pos>135</pos>
      <index>135</index>
    </item>
    <item>
      <visible>true</visible>
      <backcolor>-16777211</backcolor>
      <textcolor>-16777208</textcolor>
      <fontstyle>0</fontstyle>
      <condition>0</condition>
      <value></value>
      <regex></regex>
      <width>100</width>
      <pos>136</pos>
      <index>136</index>
    </item>
    <item>
      <visible>true</visible>
      <backcolor>-16777211</backcolor>
      <textcolor>-16777208</textcolor>
      <fontstyle>0</fontstyle>
      <condition>0</condition>
      <value></value>
      <regex></regex>
      <width>100</width>
      <pos>137</pos>
      <index>137</index>
    </item>
    <item>
      <visible>true</visible>
      <backcolor>-16777211</backcolor>
      <textcolor>-16777208</textcolor>
      <fontstyle>0</fontstyle>
      <condition>0</condition>
      <value></value>
      <regex></regex>
      <width>100</width>
      <pos>138</pos>
      <index>138</index>
    </item>
    <item>
      <visible>true</visible>
      <backcolor>-16777211</backcolor>
      <textcolor>-16777208</textcolor>
      <fontstyle>0</fontstyle>
      <condition>0</condition>
      <value></value>
      <regex></regex>
      <width>100</width>
      <pos>139</pos>
      <index>139</index>
    </item>
    <item>
      <visible>true</visible>
      <backcolor>-16777211</backcolor>
      <textcolor>-16777208</textcolor>
      <fontstyle>0</fontstyle>
      <condition>0</condition>
      <value></value>
      <regex></regex>
      <width>100</width>
      <pos>140</pos>
      <index>140</index>
    </item>
    <item>
      <visible>true</visible>
      <backcolor>-16777211</backcolor>
      <textcolor>-16777208</textcolor>
      <fontstyle>0</fontstyle>
      <condition>0</condition>
      <value></value>
      <regex></regex>
      <width>100</width>
      <pos>141</pos>
      <index>141</index>
    </item>
    <item>
      <visible>true</visible>
      <backcolor>-16777211</backcolor>
      <textcolor>-16777208</textcolor>
      <fontstyle>0</fontstyle>
      <condition>0</condition>
      <value></value>
      <regex></regex>
      <width>100</width>
      <pos>142</pos>
      <index>142</index>
    </item>
    <item>
      <visible>true</visible>
      <backcolor>-16777211</backcolor>
      <textcolor>-16777208</textcolor>
      <fontstyle>0</fontstyle>
      <condition>0</condition>
      <value></value>
      <regex></regex>
      <width>100</width>
      <pos>143</pos>
      <index>143</index>
    </item>
    <item>
      <visible>true</visible>
      <backcolor>-16777211</backcolor>
      <textcolor>-16777208</textcolor>
      <fontstyle>0</fontstyle>
      <condition>0</condition>
      <value></value>
      <regex></regex>
      <width>100</width>
      <pos>144</pos>
      <index>144</index>
    </item>
    <item>
      <visible>true</visible>
      <backcolor>-16777211</backcolor>
      <textcolor>-16777208</textcolor>
      <fontstyle>0</fontstyle>
      <condition>0</condition>
      <value></value>
      <regex></regex>
      <width>100</width>
      <pos>145</pos>
      <index>145</index>
    </item>
    <item>
      <visible>true</visible>
      <backcolor>-16777211</backcolor>
      <textcolor>-16777208</textcolor>
      <fontstyle>0</fontstyle>
      <condition>0</condition>
      <value></value>
      <regex></regex>
      <width>100</width>
      <pos>146</pos>
      <index>146</index>
    </item>
    <item>
      <visible>true</visible>
      <backcolor>-16777211</backcolor>
      <textcolor>-16777208</textcolor>
      <fontstyle>0</fontstyle>
      <condition>0</condition>
      <value></value>
      <regex></regex>
      <width>100</width>
      <pos>147</pos>
      <index>147</index>
    </item>
    <item>
      <visible>true</visible>
      <backcolor>-16777211</backcolor>
      <textcolor>-16777208</textcolor>
      <fontstyle>0</fontstyle>
      <condition>0</condition>
      <value></value>
      <regex></regex>
      <width>100</width>
      <pos>148</pos>
      <index>148</index>
    </item>
    <item>
      <visible>true</visible>
      <backcolor>-16777211</backcolor>
      <textcolor>-16777208</textcolor>
      <fontstyle>0</fontstyle>
      <condition>0</condition>
      <value></value>
      <regex></regex>
      <width>100</width>
      <pos>149</pos>
      <index>149</index>
    </item>
    <item>
      <visible>true</visible>
      <backcolor>-16777211</backcolor>
      <textcolor>-16777208</textcolor>
      <fontstyle>0</fontstyle>
      <condition>0</condition>
      <value></value>
      <regex></regex>
      <width>100</width>
      <pos>150</pos>
      <index>150</index>
    </item>
    <item>
      <visible>true</visible>
      <backcolor>-16777211</backcolor>
      <textcolor>-16777208</textcolor>
      <fontstyle>0</fontstyle>
      <condition>0</condition>
      <value></value>
      <regex></regex>
      <width>100</width>
      <pos>151</pos>
      <index>151</index>
    </item>
    <item>
      <visible>true</visible>
      <backcolor>-16777211</backcolor>
      <textcolor>-16777208</textcolor>
      <fontstyle>0</fontstyle>
      <condition>0</condition>
      <value></value>
      <regex></regex>
      <width>100</width>
      <pos>152</pos>
      <index>152</index>
    </item>
    <item>
      <visible>true</visible>
      <backcolor>-16777211</backcolor>
      <textcolor>-16777208</textcolor>
      <fontstyle>0</fontstyle>
      <condition>0</condition>
      <value></value>
      <regex></regex>
      <width>100</width>
      <pos>153</pos>
      <index>153</index>
    </item>
    <item>
      <visible>true</visible>
      <backcolor>-16777211</backcolor>
      <textcolor>-16777208</textcolor>
      <fontstyle>0</fontstyle>
      <condition>0</condition>
      <value></value>
      <regex></regex>
      <width>100</width>
      <pos>154</pos>
      <index>154</index>
    </item>
    <item>
      <visible>true</visible>
      <backcolor>-16777211</backcolor>
      <textcolor>-16777208</textcolor>
      <fontstyle>0</fontstyle>
      <condition>0</condition>
      <value></value>
      <regex></regex>
      <width>100</width>
      <pos>155</pos>
      <index>155</index>
    </item>
    <item>
      <visible>true</visible>
      <backcolor>-16777211</backcolor>
      <textcolor>-16777208</textcolor>
      <fontstyle>0</fontstyle>
      <condition>0</condition>
      <value></value>
      <regex></regex>
      <width>100</width>
      <pos>156</pos>
      <index>156</index>
    </item>
    <item>
      <visible>true</visible>
      <backcolor>-16777211</backcolor>
      <textcolor>-16777208</textcolor>
      <fontstyle>0</fontstyle>
      <condition>0</condition>
      <value></value>
      <regex></regex>
      <width>100</width>
      <pos>157</pos>
      <index>157</index>
    </item>
    <item>
      <visible>true</visible>
      <backcolor>-16777211</backcolor>
      <textcolor>-16777208</textcolor>
      <fontstyle>0</fontstyle>
      <condition>0</condition>
      <value></value>
      <regex></regex>
      <width>100</width>
      <pos>158</pos>
      <index>158</index>
    </item>
    <item>
      <visible>true</visible>
      <backcolor>-16777211</backcolor>
      <textcolor>-16777208</textcolor>
      <fontstyle>0</fontstyle>
      <condition>0</condition>
      <value></value>
      <regex></regex>
      <width>100</width>
      <pos>159</pos>
      <index>159</index>
    </item>
    <item>
      <visible>true</visible>
      <backcolor>-16777211</backcolor>
      <textcolor>-16777208</textcolor>
      <fontstyle>0</fontstyle>
      <condition>0</condition>
      <value></value>
      <regex></regex>
      <width>100</width>
      <pos>160</pos>
      <index>160</index>
    </item>
    <item>
      <visible>true</visible>
      <backcolor>-16777211</backcolor>
      <textcolor>-16777208</textcolor>
      <fontstyle>0</fontstyle>
      <condition>0</condition>
      <value></value>
      <regex></regex>
      <width>100</width>
      <pos>161</pos>
      <index>161</index>
    </item>
    <item>
      <visible>true</visible>
      <backcolor>-16777211</backcolor>
      <textcolor>-16777208</textcolor>
      <fontstyle>0</fontstyle>
      <condition>0</condition>
      <value></value>
      <regex></regex>
      <width>100</width>
      <pos>162</pos>
      <index>162</index>
    </item>
    <item>
      <visible>true</visible>
      <backcolor>-16777211</backcolor>
      <textcolor>-16777208</textcolor>
      <fontstyle>0</fontstyle>
      <condition>0</condition>
      <value></value>
      <regex></regex>
      <width>100</width>
      <pos>163</pos>
      <index>163</index>
    </item>
    <item>
      <visible>true</visible>
      <backcolor>-16777211</backcolor>
      <textcolor>-16777208</textcolor>
      <fontstyle>0</fontstyle>
      <condition>0</condition>
      <value></value>
      <regex></regex>
      <width>100</width>
      <pos>164</pos>
      <index>164</index>
    </item>
    <item>
      <visible>true</visible>
      <backcolor>-16777211</backcolor>
      <textcolor>-16777208</textcolor>
      <fontstyle>0</fontstyle>
      <condition>0</condition>
      <value></value>
      <regex></regex>
      <width>100</width>
      <pos>165</pos>
      <index>165</index>
    </item>
    <item>
      <visible>true</visible>
      <backcolor>-16777211</backcolor>
      <textcolor>-16777208</textcolor>
      <fontstyle>0</fontstyle>
      <condition>0</condition>
      <value></value>
      <regex></regex>
      <width>100</width>
      <pos>166</pos>
      <index>166</index>
    </item>
    <item>
      <visible>true</visible>
      <backcolor>-16777211</backcolor>
      <textcolor>-16777208</textcolor>
      <fontstyle>0</fontstyle>
      <condition>0</condition>
      <value></value>
      <regex></regex>
      <width>100</width>
      <pos>167</pos>
      <index>167</index>
    </item>
    <item>
      <visible>true</visible>
      <backcolor>-16777211</backcolor>
      <textcolor>-16777208</textcolor>
      <fontstyle>0</fontstyle>
      <condition>0</condition>
      <value></value>
      <regex></regex>
      <width>100</width>
      <pos>168</pos>
      <index>168</index>
    </item>
    <item>
      <visible>true</visible>
      <backcolor>-16777211</backcolor>
      <textcolor>-16777208</textcolor>
      <fontstyle>0</fontstyle>
      <condition>0</condition>
      <value></value>
      <regex></regex>
      <width>100</width>
      <pos>169</pos>
      <index>169</index>
    </item>
  </columns>
</network-scanner-config>
